<?xml version="1.0" encoding="UTF-8"?>
<project-private xmlns="http://www.netbeans.org/ns/project-private/1">
    <editor-bookmarks xmlns="http://www.netbeans.org/ns/editor-bookmarks/2" lastBookmarkId="0"/>
    <open-files xmlns="http://www.netbeans.org/ns/projectui-open-files/2">
        <group>
            <file>file:/C:/Users/nur13/OneDrive/Belgeler/NetBeansProjects/ders%203/StockDesktop/src/modul/User.java</file>
            <file>file:/C:/Users/nur13/OneDrive/Belgeler/NetBeansProjects/ders%203/StockDesktop/src/modul/StockPrice.java</file>
            <file>file:/C:/Users/nur13/OneDrive/Belgeler/NetBeansProjects/ders%203/StockDesktop/src/dao/StockPriceDao.java</file>
            <file>file:/C:/Users/nur13/OneDrive/Belgeler/NetBeansProjects/ders%203/StockDesktop/src/swing/MainSw.java</file>
            <file>file:/C:/Users/nur13/OneDrive/Belgeler/NetBeansProjects/ders%203/StockDesktop/src/swing/SignIn.java</file>
            <file>file:/C:/Users/nur13/OneDrive/Belgeler/NetBeansProjects/ders%203/StockDesktop/src/main/Main.java</file>
            <file>file:/C:/Users/nur13/OneDrive/Belgeler/NetBeansProjects/ders%203/StockDesktop/src/swing/StockSw.java</file>
            <file>file:/C:/Users/nur13/OneDrive/Belgeler/NetBeansProjects/ders%203/StockDesktop/conf.properties</file>
            <file>file:/C:/Users/nur13/OneDrive/Belgeler/NetBeansProjects/ders%203/StockDesktop/src/daoImpl/UserDaoImpl.java</file>
            <file>file:/C:/Users/nur13/OneDrive/Belgeler/NetBeansProjects/ders%203/StockDesktop/src/dao/dbHelper.java</file>
            <file>file:/C:/Users/nur13/OneDrive/Belgeler/NetBeansProjects/ders%203/StockDesktop/src/daoImpl/StockDaoImpl.java</file>
            <file>file:/C:/Users/nur13/OneDrive/Belgeler/NetBeansProjects/ders%203/StockDesktop/src/dao/StockDao.java</file>
            <file>file:/C:/Users/nur13/OneDrive/Belgeler/NetBeansProjects/ders%203/StockDesktop/src/daoImpl/StockPriceDaoImpl.java</file>
            <file>file:/C:/Users/nur13/OneDrive/Belgeler/NetBeansProjects/ders%203/StockDesktop/src/modul/Stock.java</file>
        </group>
    </open-files>
</project-private>
